<?xml version="1.0" encoding="UTF-8"?>
<project-private xmlns="http://www.netbeans.org/ns/project-private/1">
    <editor-bookmarks xmlns="http://www.netbeans.org/ns/editor-bookmarks/2" lastBookmarkId="0"/>
    <open-files xmlns="http://www.netbeans.org/ns/projectui-open-files/2">
        <group>
            <file>file:/E:/project/JAVA-project/compiler2/src/compiler2/Tokens.java</file>
            <file>file:/E:/project/JAVA-project/compiler2/src/compiler2/Token.java</file>
            <file>file:/E:/project/JAVA-project/compiler2/src/compiler2/Compiler.java</file>
            <file>file:/E:/project/JAVA-project/compiler2/src/compiler2/manager.java</file>
            <file>file:/E:/project/JAVA-project/compiler2/src/compiler2/Lexer.java</file>
            <file>file:/E:/project/JAVA-project/compiler2/src/compiler2/Position.java</file>
        </group>
    </open-files>
</project-private>
